example_id,group,source,reference,baseline,idiom_only_v1,lora_r4_stage2,lora_r8_stage2,lora_r16_stage2,flan_t5_small_prompt_0shot
0,idioms_test,"""Regardless of their cause, inequalities are a powerful force for instability everywhere, from wealthy America to rapidly growing China to reform-challenged Europe. """"A rising tide lifts all boats,"""" conservatives like to say.""","""Unabhängig von ihrer Ursache sind Ungleichheiten überall eine starke Kraft für Instabilität, vom wohlhabenden Amerika über das schnell wachsende China bis hin zum reformbedürftigen Europa. """"Die Flut hebt alle Boote"""", sagen die Konservativen gerne.""","Unabhängig von ihrer Ursache sind Ungleichheiten überall eine mächtige Kraft für Instabilität, vom reichen Amerika bis hin zu schnell wachsendem China bis hin zu reformgeprüftem Europa. """"Eine steigende Flut hebt alle Boote"", sagen Konservative.""","""Ungleichbehandlungen sind unabhängig von ihrer Ursache überall eine mächtige Kraft für Instabilität, vom reichen Amerika über das rasant wachsende China bis hin zu reformbedürftigem Europa. """"""Die Flut hebt alle Boote"", sagen die Konservativen.""","Unabhängig von ihrer Ursache sind Ungleichheiten überall eine mächtige Kraft für Instabilität, vom reichen Amerika bis hin zum rasch wachsenden China bis hin zum reformgeprüften Europa. """"Eine steigende Flut hebt alle Boote auf"", sagen die Konservativen.""","""Ungleich, was ihre Ursache betrifft, sind Ungleichheiten überall eine mächtige Kraft für Instabilität, vom reichen Amerika über das schnell wachsende China bis hin zu reformgeprüftem Europa."" """"Eine steigende Flut hebt alle Boote"", sagen Konservative.""","""Ungleich, was ihre Ursache betrifft, sind Ungleichheiten überall eine mächtige Kraft für Instabilität, vom reichen Amerika über das schnell wachsende China bis hin zu reformgeprüftem Europa."" """"Eine steigende Flut hebt alle Boote"", sagen Konservative.""","""Eigengleichheiten sind eine starken Kräfte für instabilität everywhere, aus dem französischen Amerika zu wachsenden China zu reformen Europa. """" Ein steigende Gesetz hat sich alle Schiffe, """" die nderungsanträge"
1,idioms_test,A recent public relations disaster left the company with egg all over its face.,Die jüngste Katastrophe im Bereich der Öffentlichkeitsarbeit hat das Unternehmen dumm dastehen lassen.,Eine kürzliche PR-Katastrophe ließ das Unternehmen mit Eiern ins Gesicht.,Eine jüngste Public-Relations-Katastrophe hat das Unternehmen mit allem Drum und Dran gelassen.,Eine kürzliche PR-Katastrophe ließ das Unternehmen mit Eiern ins Gesicht.,Eine kürzliche Public Relations Desaster hat das Unternehmen mit Ei übers Gesicht gelassen.,Eine kürzliche Public Relations Desaster hat das Unternehmen mit Ei übers Gesicht gelassen.,Ein jüngsten öffentliche Beziehungensabkommen hat das Unternehmen mit Egg auf seinem Gesicht.
2,idioms_test,"Bend the knee, peasant! Admit that I am your rightful king!","Beuge das Knie, Bauer! Gib zu, dass ich dein rechtmäßiger König bin!","Gib zu, dass ich dein rechtmäßiger König bin!","Kniebeugen, Bauer! Gib zu, dass ich dein rechtmäßiger König bin!","Gib zu, dass ich dein rechtmäßiger König bin!","Gib zu, dass ich dein rechtmäßiger König bin!","Gib zu, dass ich dein rechtmäßiger König bin!","Benden die Knee, peasant! Admit, dass ich Ihre Rechtful König!"
3,idioms_test,Burning the candle at both ends is a recipe for disaster.,"Raubbau mit der Gesundheit zu treiben, ist ein Rezept für eine Katastrophe.",Das Verbrennen der Kerze an beiden Enden ist ein Rezept für ein Desaster.,Das Verbrennen der Kerze an beiden Enden ist ein Rezept für ein Desaster.,Das Verbrennen der Kerze an beiden Enden ist ein Rezept für ein Desaster.,Das Verbrennen der Kerze an beiden Enden ist ein Rezept für ein Desaster.,Das Verbrennen der Kerze an beiden Enden ist ein Rezept für ein Desaster.,Burning the candle at both ends is a recipe for disaster.
4,idioms_test,"But before she could launch her charm offensive, Mr. Roper sat down across from her and grabbed her wrists.","Doch bevor sie ihre Charmeoffensive starten konnte, setzte sich Herr Roper ihr gegenüber und packte ihre Handgelenke.","Aber bevor sie ihre Charmeoffensive starten konnte, setzte sich Mr. Roper ihr gegenüber und packte ihre Handgelenke.","Aber bevor sie ihre Charmeoffensive starten konnte, setzte sich Herr Roper ihr gegenüber und packte sich die Arme.","Aber bevor sie ihre Charmeoffensive starten konnte, setzte sich Herr Roper ihr gegenüber und packte ihre Handgelenke.","Aber bevor sie ihre Charmeoffensive starten konnte, setzte sich Mr. Roper ihr gegenüber und packte ihre Handgelenke.","Aber bevor sie ihre Charmeoffensive starten konnte, setzte sich Mr. Roper ihr gegenüber und packte ihre Handgelenke.","Aber bevor er es er stört, er Herr Roper störtte störtte und störtte störtte störtte."
5,idioms_test,Counting on the price of IBM to rise sharply was betting on the wrong horse.,"Wer auf einen steilen Anstieg des IBM-Kurses gesetzt hat, hat auf das falsche Pferd gesetzt.","Auf den Preis von IBM, stark zu steigen, war Wetten auf das falsche Pferd.","Mit dem hohen Preis von IBM rechnend, setzte man auf das falsche Pferd.","Auf den Preis von IBM, stark zu steigen, war Wetten auf das falsche Pferd.","Mit dem Preis, den IBM zu steigen, rechnete er auf das falsche Pferd.","Mit dem Preis, den IBM zu steigen, rechnete man auf das falsche Pferd.",Im Vergleich zu den Preis von IBM zu einem höheren Preis hat es sich auf der falschen Handel bezahlen.
6,idioms_test,"Dad says I'm not cut out for the military, but I think I can thrive in such a structured environment.","Dad sagt, ich bin nicht fürs Militär gemacht, aber ich denke, ich kann in einer so strukturierten Umgebung aufblühen.","Dad sagt, ich bin nicht für das Militär geeignet, aber ich glaube, ich kann in einer so strukturierten Umgebung gedeihen.","Papa sagt, ich bin nicht für das Militär geschaffen, aber ich glaube, ich kann in einer so strukturierten Umgebung gedeihen.","Dad sagt, ich bin nicht für das Militär geeignet, aber ich glaube, ich kann in einer so strukturierten Umgebung gedeihen.","Dad sagt, ich bin nicht für das Militär geeignet, aber ich glaube, ich kann in einer so strukturierten Umgebung gedeihen.","Dad sagt, ich bin nicht für das Militär geeignet, aber ich glaube, ich kann in einer so strukturierten Umgebung gedeihen.","Dad heißt ich nicht für die Armee, aber ich glaube, ich kann es in solchen strukturellen Umfeld es."
7,idioms_test,"Despite several bilateral and multilateral meetings, the four have not yet come up with the lowest common denominator likely to get the ball rolling","Trotz mehrerer bilateraler und multilateraler Treffen haben sich die vier noch nicht auf den kleinsten gemeinsamen Nenner geeinigt, der den Stein ins Rollen bringen könnte","Trotz mehrerer bilateraler und multilateraler Treffen haben die vier noch nicht den kleinsten gemeinsamen Nenner gefunden, der den Ball rollen lässt.","Trotz mehrerer bilateraler und multilateraler Treffen haben sich die vier noch nicht den kleinsten gemeinsamen Nenner ausgedacht, der den Ball ins Rollen bringen könnte","Trotz mehrerer bilateraler und multilateraler Treffen haben die vier noch nicht den kleinsten gemeinsamen Nenner gefunden, der den Ball rollen lässt.","Trotz mehrerer bilateraler und multilateraler Treffen haben die vier noch nicht den niedrigsten gemeinsamen Nenner gefunden, der den Ball zum Laufen bringen dürfte.","Trotz mehrerer bilateraler und multilateraler Treffen haben die vier noch nicht den niedrigsten gemeinsamen Nenner gefunden, der den Ball zum Laufen bringen dürfte.","Trotz einigen bilaterale und multilaterale Treffens, die vier noch nicht mit den niedrigen gemeinsamen Denominator, die die Ball-Roller zu ergreifen."
8,idioms_test,"For the young Canadian servicemen, the order to ship out to battle on a moment's notice was expected daily.","Die jungen kanadischen Soldaten erwarteten täglich den Befehl, kurzfristig in den Kampf zu ziehen.","Für die jungen kanadischen Soldaten wurde täglich der Befehl erwartet, in einen Kampf zu verschiffen.","Für die jungen kanadischen Soldaten wurde täglich der Auftrag erwartet, einen Moment im voraus in den Kampf zu verschiffen.","Für die jungen kanadischen Soldaten wurde täglich der Befehl erwartet, in einen Kampf zu verschiffen.","Für die jungen kanadischen Soldaten wurde täglich der Befehl erwartet, in einen Kampf zu verschiffen.","Für die jungen kanadischen Soldaten wurde täglich der Befehl erwartet, in einen Kampf zu verschiffen.","Für die jungen Canadian-Servermen, es wurde es es es es es es es es es es es es es es es es e"
9,idioms_test,He has a reputation as a loose cannon whose comments sometimes upset Wall Street.,"Er gilt als tickende Zeitbombe, dessen Äußerungen die Wall Street manchmal verärgern.","Er hat einen Ruf als lose Kanone, deren Kommentare manchmal die Wall Street verärgern.","Er hat den Ruf, eine lockere Kanone zu sein, deren Kommentare manchmal die Wall Street verärgern.","Er hat einen Ruf als lockere Kanone, deren Kommentare manchmal die Wall Street verärgern.","Er hat einen Ruf als lose Kanone, deren Kommentare manchmal Wall Street aufregten.","Er hat einen Ruf als lockere Kanone, deren Kommentare manchmal Wall Street aufregten.","He hat eine reputation als a loose cannon, dessen Kommentare erschwert, Wall Street."
10,idioms_test,"He is always late for appointments and keeps people waiting, so we decided to give him a taste of his own medicine.","Da er immer zu spät zu Terminen kommt und die Leute warten lässt, haben wir beschlossen, es ihm mit gleicher Münze heimzuzahlen.","Er ist immer zu spät für Termine und hält die Leute warten, so dass wir beschlossen, ihm einen Geschmack seiner eigenen Medizin zu geben.","Er kommt immer zu spät zu Terminen und lässt die Leute warten, so dass wir beschlossen, ihm einen Vorgeschmack auf seine eigene Medizin zu geben.","Er kommt immer zu spät zu Terminen und lässt die Leute warten, so dass wir beschlossen haben, ihm einen Vorgeschmack auf seine eigene Medizin zu geben.","Er kommt immer zu spät zu Terminen und hält die Leute warten, so dass wir beschlossen, ihm einen Vorgeschmack auf seine eigene Medizin zu geben.","Er kommt immer zu spät zu Terminen und hält die Leute warten, so dass wir beschlossen, ihm einen Vorgeschmack auf seine eigene Medizin zu geben.","He ist immer spät für die Anwesenheit und die Menschen warten, so hat wir uns entschieden, um einen Geschmack von seinem eigenen Medicine zu geben."
11,idioms_test,He put the cat among the pigeons when he refused to sign the contract.,"Er stiftete Unruhe, als er sich weigerte, den Vertrag zu unterschreiben.","Er stellte die Katze unter die Tauben, als er sich weigerte, den Vertrag zu unterzeichnen.","Er stellte die Katze unter die Tauben, als er sich weigerte, den Vertrag zu unterzeichnen.","Er stellte die Katze unter die Tauben, als er sich weigerte, den Vertrag zu unterzeichnen.","Er stellte die Katze unter die Tauben, als er sich weigerte, den Vertrag zu unterzeichnen.","Er stellte die Katze unter die Tauben, als er sich weigerte, den Vertrag zu unterzeichnen.","Er hat das Cat in den pigeonen, wenn es er recht erzuhalten, den Vertrag zu signen."
12,idioms_test,He's been working late with her every night this week - I smell a rat.,Er hat diese Woche jeden Abend mit ihr lange gearbeitet - da ist etwas faul!,"Er hat diese Woche jede Nacht mit ihr gearbeitet, ich rieche eine Ratte.",Er hat diese Woche jede Nacht zu spät mit ihr gearbeitet - ich rieche eine Ratte.,Ich rieche eine Ratte.,"Er hat diese Woche jede Nacht mit ihr zu spät gearbeitet, ich rieche eine Ratte.",Er hat diese Woche jede Nacht mit ihr zu tun.,Er arbeitet es spät mit er jedes Nacht diese Woche - Ich weiß eine Rat.
13,idioms_test,How long does it take for the wheel of fashion to come full circle?,"Wie lange dauert es, bis sich der Kreis in der Modebranche schließt?","Wie lange dauert es, bis das Rad der Mode zum vollen Kreis kommt?","Wie lange dauert es, bis das Rad der Mode im Kreis ist?","Wie lange dauert es, bis das Rad der Mode voller Kreis kommt?","Wie lange dauert es, bis das Rad der Mode voll im Kreis ist?","Wie lange dauert es, bis das Rad der Mode voll im Kreis ist?",How long does it take for the wheel of fashion to come full circle?
14,idioms_test,I am queering the pitch by asking too many questions.,"Ich mache Ihnen eine Strich durch die Rechnung, weil ich zu viele Fragen stelle.","Ich queere den Pitch, indem ich zu viele Fragen stelle.","Ich queere den Ton an, indem ich zu viele Fragen stelle.","Ich queere den Pitch, indem ich zu viele Fragen stelle.","Ich queere den Ton an, indem ich zu viele Fragen stelle.","Ich queere den Ton an, indem ich zu viele Fragen stelle.","Ich hoffe es, um zu viele Fragen zu beantworten."
15,idioms_test,I don't want to be the blind leading the blind.,"Ich möchte nicht der Blinde sein, der die Blinden anführt.","Ich will nicht der Blinde sein, der Blinde führt.","Ich will nicht die Blinden sein, die die Blinden führen.","Ich will nicht der Blinde sein, der Blinde führt.","Ich will nicht der Blinde sein, der Blinde führt.","Ich will nicht der Blinde sein, der Blinde führt.","Ich ne hoffe nicht zu sein, daß ich die Blind führen."
16,idioms_test,"I don't want to put the cart before the horse, but I think we should start working on it.","Ich möchte das Pferd nicht von hinten aufzäumen, aber ich denke, wir sollten mit der Arbeit daran beginnen.","Ich will den Wagen nicht vor das Pferd stellen, aber ich denke, wir sollten anfangen, daran zu arbeiten.","Ich möchte den Wagen nicht vor das Pferd legen, aber ich denke, wir sollten anfangen, daran zu arbeiten.","Ich will den Wagen nicht vor das Pferd stellen, aber ich denke, wir sollten anfangen daran zu arbeiten.","Ich will den Wagen nicht vor das Pferd stellen, aber ich denke, wir sollten anfangen daran zu arbeiten.","Ich will den Wagen nicht vor das Pferd stellen, aber ich denke, wir sollten anfangen daran zu arbeiten.","Ich hoffe nicht, daß es die Carte vor dem Horse, aber ich glaube, wir sollten wir arbeiten."
17,idioms_test,I need to finish my MBA to find a better job. It's like a millstone around my neck.,"Ich muss meinen MBA abschließen, um einen besseren Job zu finden. Das ist wie ein Mühlstein um meinen Hals.","Ich muss meinen MBA beenden, um einen besseren Job zu finden.","Ich muss meinen MBA beenden, um einen besseren Job zu finden. Es ist wie ein Mühlstein um meinen Hals.","Ich muss meinen MBA beenden, um einen besseren Job zu finden.","Ich muss meinen MBA beenden, um einen besseren Job zu finden.","Ich muss meinen MBA beenden, um einen besseren Job zu finden.","Ich muß meine MBA abgeschlossen, um ein besseres Job zu finden. Es ist wie ein Millstone auf meinem Kopf."
18,idioms_test,"I wouldn't say they're like chalk and cheese, but they definitely have their differences.","Ich würde nicht sagen, dass sie wie Tag und Nacht sind, aber sie haben definitiv ihre Unterschiede.","Ich würde nicht sagen, dass sie wie Kreide und Käse sind, aber sie haben definitiv ihre Unterschiede.","Ich würde nicht sagen, dass sie wie Kreide und Käse sind, aber sie haben definitiv ihre Unterschiede.","Ich würde nicht sagen, dass sie wie Kreide und Käse sind, aber sie haben definitiv ihre Unterschiede.","Ich würde nicht sagen, dass sie wie Kreide und Käse sind, aber sie haben definitiv ihre Unterschiede.","Ich würde nicht sagen, dass sie wie Kreide und Käse sind, aber sie haben definitiv ihre Unterschiede.","Ich würde es nicht sagen, sie sind ähnliche, daß sie es ähnlich sind, aber sie sind wirklich unterschiedlich."
19,idioms_test,"It would certainly be fun in an active family, with whom he would go through thick and thin.","Es wäre sicher lustig in einer aktiven Familie, mit der er durch dick und dünn gehen würde.","Es wäre sicherlich Spaß in einer aktiven Familie, mit der er durch dick und dünn gehen würde.","Es wäre sicherlich lustig in einer aktiven Familie, mit der er dick und dünn durchmachen würde.","Es würde sicherlich Spaß machen in einer aktiven Familie, mit der er durch dick und dünn gehen würde.","Es wäre sicherlich ein Spaß in einer aktiven Familie, mit der er durch dick und dünn gehen würde.","Es wäre sicherlich ein Spaß in einer aktiven Familie, mit der er durch dick und dünn gehen würde.","Es würde es wohl sein, in einer aktiven Familie, mit denen er er durch stöd und stöd."
20,idioms_test,"New bank competitors have struggled to get off the ground, not helped by the caution of regulators.","Neue Bankkonkurrenten hatten es schwer, auf die Beine zu kommen, wozu auch die Vorsicht der Regulierungsbehörden beitrug.","Neue Bankkonkurrenten haben sich Mühe gegeben, um vom Boden zu kommen, nicht durch die Vorsicht der Regulierungsbehörden geholfen.","Neue Bankkonkurrenten haben sich Mühe gegeben, sich vom Boden zu lösen, was nicht mit der Vorsicht der Regulierungsbehörden zu tun hat.","Neue Bankkonkurrenten haben versucht, vom Boden zu kommen, nicht durch die Vorsicht der Regulierungsbehörden geholfen.","Neue Wettbewerber haben sich bemüht, vom Boden zu kommen, nicht durch die Vorsicht der Regulierungsbehörden geholfen.","Neue Wettbewerber haben sich bemüht, vom Boden zu kommen, nicht durch die Vorsicht der Regulierungsbehörden geholfen.","Die neuen Bankerwettbewerbsfähigen Schwierigkeiten haben, nicht durch die Berücksichtigung der Regulierungsbehörden zu erreichen."
21,idioms_test,"No wonder so many of my people spit bars, because the truth is hard to swallow.","Kein Wunder, dass so viele meiner Leute auf Gitterstäbe spucken, denn die Wahrheit ist schwer zu schlucken.","Kein Wunder, dass so viele meiner Leute Bars spucken, denn die Wahrheit ist schwer zu schlucken.","Kein Wunder, dass so viele meiner Leute Riegel spucken, denn die Wahrheit ist schwer zu schlucken.","Kein Wunder, dass so viele meiner Leute Bars spucken, denn die Wahrheit ist schwer zu schlucken.","Kein Wunder, dass so viele meiner Leute die Riegel spucken, denn die Wahrheit ist schwer zu schlucken.","Kein Wunder, dass so viele meiner Leute die Riegel spucken, denn die Wahrheit ist schwer zu schlucken.","Leider ist es so viele von meinem Volk spitbars, weil die Wahrheit ist es schwierig zu sneder."
22,idioms_test,She's always trying to pass the buck and I'm sick of it.,"Sie versucht immer, den schwarzen Peter weiterzugeben und ich habe es satt!","Sie versucht immer, das Geld zu verteilen und ich habe es satt.","Sie versucht immer, den Dollar zu geben, und ich habe es satt.","Sie versucht immer, das Geld zu verteilen, und ich habe es satt.","Sie versucht immer, den Dollar zu überreichen, und ich habe es satt.","Sie versucht immer, den Dollar zu überreichen, und ich habe es satt.","Es ist immer versucht, das buck zu passen und ich muß es nicht."
23,idioms_test,The union is bringing pressure to bear on management.,Die Gewerkschaft übt Druck auf die Unternehmensleitung aus.,Die Gewerkschaft übt Druck auf das Management aus.,Die Gewerkschaft übt Druck auf das Management aus.,Die Gewerkschaft übt Druck auf das Management aus.,Die Gewerkschaft übt Druck auf das Management aus.,Die Gewerkschaft übt Druck auf das Management aus.,Die Europäische Union nimmt Druck auf die Verwaltungsvorschriften.
24,idioms_test,We're cut from the same cloth as any American who has a pioneer spirit.,"Wir sind aus dem gleichen Holz geschnitzt wie alle Amerikaner, die Pioniergeist haben.","Wir sind aus dem gleichen Tuch wie jeder Amerikaner, der Pioniergeist hat.","Wir sind aus demselben Stoff geschnitzt wie alle Amerikaner, die einen Pioniergeist haben.","Wir sind aus demselben Stoff wie jeder Amerikaner, der Pioniergeist hat.","Wir sind aus demselben Stoff wie jeder Amerikaner, der Pioniergeist hat.","Wir sind aus demselben Stoff wie jeder Amerikaner, der Pioniergeist hat.","Wir sind aus dem gleichen Handel wie jeder American, die eine französische Geist."
25,wmt_test,"""Decisions will then be made elsewhere,"" said Maier.","""Dann werden Entscheidungen an anderer Stelle getroffen"", sagte Maier.","""Beschlüsse werden dann an anderer Stelle getroffen werden"", sagte Maier.","""Die Entscheidungen werden dann an anderer Stelle getroffen werden"", sagte Maier.","""Die Entscheidungen werden dann woanders getroffen"", sagte Maier.","""Die Entscheidungen werden dann woanders getroffen"", sagte Maier.","""Dann werden Entscheidungen anderswo getroffen"", sagte Maier.","""Die Entscheidungen werden dann in anderen Ländern ergreifen,"" sagte Maier."
26,wmt_test,"According to accusations, this was part of a turf war and represented a demonstration of power.",Laut Anklage ging es um Revierkämpfe und eine Machtdemonstration.,Nach Anschuldigungen war dies Teil eines Rasenkrieges und stellte eine Demonstration der Macht dar.,Nach Anschuldigungen war dies Teil eines Rasenkrieges und stellte eine Demonstration der Macht dar.,Nach Anschuldigungen war dies Teil eines Rasenkrieges und stellte eine Demonstration der Macht dar.,Nach Anschuldigungen war dies Teil eines Rasenkrieges und stellte eine Demonstration der Macht dar.,Nach Anschuldigungen war dies Teil eines Rasenkrieges und stellte eine Demonstration der Macht dar.,.
27,wmt_test,"All three face a maximum penalty of life imprisonment, according to the authorities.","Allen dreien droht als Höchststrafe lebenslanger Freiheitsentzug, wie Beamte sagten.","Alle drei haben eine Höchststrafe von lebenslanger Haft, so die Behörden.","Alle drei sehen sich einer Höchststrafe von lebenslanger Haft gegenüber, so die Behörden.","Alle drei haben eine Höchststrafe von lebenslanger Haft, so die Behörden.","Alle drei sehen sich einer Höchststrafe von lebenslanger Haft ausgesetzt, so die Behörden.","Alle drei sehen sich einer Höchststrafe von lebenslanger Haft ausgesetzt, so die Behörden.","Alle drei treffen eine maximale Einwanderung der Lebensauspassen, gemäß der Behörden."
28,wmt_test,"And they are also energy-efficient: The older light systems consume around 100 Watts, with the new ones consuming just eight.","Und sparsam ist sie auch: Die älteren Lichtanlagen verbrauchen etwa 100 Watt, die neuen gerade mal acht Watt.","Und sie sind auch energieeffizient: Die älteren Lichtsysteme verbrauchen rund 100 Watt, die neuen nur acht.","Und sie sind auch energieeffizient: Die älteren Lichtsysteme verbrauchen rund 100 Watt, die neuen verbrauchen nur acht.","Und sie sind auch energieeffizient: Die älteren Lichtsysteme verbrauchen rund 100 Watt, die neuen nur acht.","Und sie sind auch energieeffizient: Die älteren Lichtsysteme verbrauchen rund 100 Watt, die neuen nur acht.","Und sie sind auch energieeffizient: Die älteren Lichtsysteme verbrauchen rund 100 Watt, die neuen nur acht.","Und sie sind auch Energieeffizient: Die älteren Lichtsysteme verbraucht etwa 100 Watts, mit den neuen ones verbraucht nur acht."
29,wmt_test,"And: ""In our society we have no major crimes, but we do have a detention camp full of would-be criminals"". They read time streams.","Und: ""In unserer Gesellschaft gibt es keine Schwerverbrecher, dafür haben wir ein Straflager voller Pesudoverbrecher"". Sie lesen Zeitströme.","Und: „In unserer Gesellschaft gibt es keine größeren Verbrechen, aber wir haben ein Internierungslager voller Möchtegern-Kriminelle."" Sie lesen Zeitströme.","Und: ""In unserer Gesellschaft gibt es keine größeren Verbrechen, aber wir haben ein Internierungslager voller Möchtegern-Kriminelle."" Sie lesen Zeitströme.","Und: „In unserer Gesellschaft gibt es keine größeren Verbrechen, aber wir haben ein Internierungslager voller Möchtegern-Kriminelle."" Sie lesen Zeitströme.","Und: „In unserer Gesellschaft gibt es keine größeren Verbrechen, aber wir haben ein Haftlager voller Möchtegern-Kriminelle."" Sie lesen Zeitströme.","Und: „In unserer Gesellschaft gibt es keine größeren Verbrechen, aber wir haben ein Haftlager voller Möchtegern-Kriminelle."" Sie lesen Zeitströme.","Und: ""In unserem Gesellschaft haben wir keine majoren Strafe, aber wir haben eine Detention Camp full von gefährlichen Straftärkten""."
30,wmt_test,"During Obama's transition to office in 2008, he had an 82% approval rating.","Als damals 2008 Obama ins Amt wechselte, hatte er Zustimmungswerte von 82 %.",Während Obamas Wechsel ins Amt im Jahr 2008 hatte er eine Zustimmung von 82 %.,Während Obamas Übergang zum Amt im Jahr 2008 hatte er eine Zustimmung von 82 %.,Während Obamas Amtsantritt im Jahr 2008 hatte er eine Zustimmung von 82 %.,Während Obamas Amtsantritt im Jahr 2008 hatte er eine Zustimmung von 82 %.,Während Obamas Amtswechsel 2008 hatte er eine Zustimmung von 82 %.,In 2008 hat Obama einen 82% Abstimmungsbewertung angenommen.
31,wmt_test,"Fifth place went to Artur Brückner, responsible for organising music copies.",Platz fünf belegte Notenwart Artur Brückner.,"Platz fünf ging an Artur Brückner, verantwortlich für die Organisation von Musikkopien.","Fünfter Platz ging an Artur Brückner, der für die Organisation von Musikkopien verantwortlich war.","Platz fünf ging an Artur Brückner, verantwortlich für die Organisation von Musikkopien.","Platz fünf ging an Artur Brückner, verantwortlich für die Organisation von Musikkopien.","Platz fünf ging an Artur Brückner, verantwortlich für die Organisation von Musikkopien.",Zweitens hat Artur Brückner verantwortlich für die Organisierung von Musik.
32,wmt_test,"First of all, US investment bank Goldman Sachs sent large quantities of incorrect purchase orders to the options markets due to technical problems.",Zuerst hatte die US-Investmentbank Goldman Sachs wegen technischer Probleme massenhaft fehlerhafte Kaufaufträge an die Optionsmärkte geschickt.,Zunächst schickte die US-Investmentbank Goldman Sachs aufgrund technischer Probleme große Mengen falscher Bestellungen an die Optionenmärkte.,Zunächst einmal hat die US-Investmentbank Goldman Sachs aufgrund technischer Probleme große Mengen unrichtiger Bestellungen an die Optionsmärkte geschickt.,Zunächst schickte die US-Investmentbank Goldman Sachs aufgrund technischer Probleme große Mengen falscher Bestellungen an die Optionenmärkte.,Zunächst schickte die US-Investmentbank Goldman Sachs aufgrund technischer Probleme große Mengen falscher Bestellungen an die Optionenmärkte.,Zunächst schickte die US-Investmentbank Goldman Sachs aufgrund technischer Probleme große Mengen falscher Bestellungen an die Optionenmärkte.,"Erstens hat die US Investment Bank Goldman Sachs eine große Anzahl von falschen Auftragslieferungen auf die Optionen, die technisch Schwierigkeiten zu lösen."
33,wmt_test,"Following a short flight from New York to Boston, the pupils have now arrived with their host families and are experiencing the school day at Weymouth High School.",Nach einem kurzen Flug von New York nach Boston sind die Schüler inzwischen in ihren Gastfamilien angekommen und erleben an der Weymouth High School den Schulalltag.,Nach einem kurzen Flug von New York nach Boston sind die Schüler nun mit ihren Gastfamilien angekommen und erleben den Schultag an der Weymouth High School.,Nach einem kurzen Flug von New York nach Boston sind die Schüler nun mit ihren Gastfamilien angekommen und erleben den Schultag an der Weymouth High School.,Nach einem kurzen Flug von New York nach Boston sind die Schüler nun mit ihren Gastfamilien angekommen und erleben den Schultag an der Weymouth High School.,Nach einem kurzen Flug von New York nach Boston sind die Schüler nun mit ihren Gastfamilien angekommen und erleben den Schultag an der Weymouth High School.,Nach einem kurzen Flug von New York nach Boston sind die Schüler nun mit ihren Gastfamilien angekommen und erleben den Schultag an der Weymouth High School.,Nach einer kurzen Flüge von New York bis Boston hat die Schüler jetzt mit ihren Hohen Familien und erleben die Schule Day in Weymouth High School.
34,wmt_test,"He then became the first high-ranking member of the U.S government to admit that US spying had crossed the line, but emphasised that no one's rights had been abused.","Anschließend gestand er als erstes hochrangiges Mitglied der US-amerikanischen Regierung ein, dass die US-Spionage eine Grenze überschritten habe, betonte aber auch, dass keine Rechte missbraucht worden seien.","Er wurde dann der erste hochrangige Mitglied der US-Regierung zuzugeben, dass US-Spionage die Grenze überschritten hatte, aber betonte, dass niemand die Rechte missbraucht worden war.","Dann wurde er das erste hochrangige Mitglied der US-Regierung, das zugab, dass die US-Spionage die Grenze überschritten hatte, betonte aber, dass niemand seine Rechte missbraucht hatte.","Er wurde dann der erste hochrangige Mitglied der US-Regierung zuzugeben, dass US-Spionage die Grenze überschritten hatte, aber betonte, dass niemand die Rechte missbraucht worden war.","Er wurde dann der erste hochrangige Mitglied der US-Regierung, zuzugeben, dass US-Spionage die Grenze überschritten hatte, betonte aber, dass niemand die Rechte missbraucht worden war.","Er wurde dann der erste hochrangige Mitglied der US-Regierung, zuzugeben, dass US-Spionage die Grenze überschritten hatte, betonte aber, dass niemand die Rechte missbraucht worden war.","Er hat der erste Mitglied des U.S.-Georgias zu erkennen, dass die US-Spyware auf dem Weg hat, aber betonte, dass keine Menschenrechte hat."
35,wmt_test,"However, if no new orders are announced in the coming months, we suspect that the market will become more skeptical of the program.","Falls allerdings in den kommenden Monaten keine neuen Bestellungen bekannt gegeben werden, dann erwarten wir, dass der Markt dem Programm gegenüber skeptischer wird.","Wenn jedoch in den kommenden Monaten keine neuen Aufträge angekündigt werden, vermuten wir, dass der Markt skeptischer für das Programm wird.","Wenn jedoch in den nächsten Monaten keine neuen Aufträge bekannt gegeben werden, vermuten wir, dass der Markt skeptischer gegenüber dem Programm wird.","Wenn jedoch in den kommenden Monaten keine neuen Aufträge angekündigt werden, vermuten wir, dass der Markt skeptischer für das Programm wird.","Wenn jedoch in den kommenden Monaten keine neuen Aufträge angekündigt werden, vermuten wir, dass der Markt skeptischer für das Programm wird.","Wenn jedoch in den kommenden Monaten keine neuen Aufträge angekündigt werden, vermuten wir, dass der Markt skeptischer für das Programm wird.","Aber wenn keine neue Bestellungen in den nächsten Monaten ernst, sind wir behauptet, dass die Markt mehr ernstreicht wird."
36,wmt_test,"However, in an interview, Bloom has said that he and Kerr still love each other.","In einem Interview sagte Bloom jedoch, dass er und Kerr sich noch immer lieben.","In einem Interview hat Bloom jedoch gesagt, dass er und Kerr einander immer noch lieben.","In einem Interview hat Bloom jedoch gesagt, dass er und Kerr sich immer noch lieben.","In einem Interview hat Bloom jedoch gesagt, dass er und Kerr einander immer noch lieben.","In einem Interview hat Bloom jedoch gesagt, dass er und Kerr einander immer noch lieben.","In einem Interview hat Bloom jedoch gesagt, dass er und Kerr einander immer noch lieben.","In einem Interview, Bloom hat, dass er und Kerr weiterhin glücklich sind."
37,wmt_test,Howie was also ordered to pay costs of £90 and a victim surcharge of £100.,Howie wurde außerdem zur Zahlung von Kosten in Höhe von 90 £ sowie eines Opferzuschlags von 100 £ verurteilt.,"Howie wurde auch aufgefordert, Kosten von 90 £ und einen Opferzuschlag von 100 £ zu tragen.","Howie wurde auch angewiesen, Kosten von 90 £ und einen Opferzuschlag von 100 £ zu tragen.",Howie musste außerdem Kosten in Höhe von 90 £ und einen Opferzuschlag in Höhe von 100 £ bezahlen.,Howie wurde auch zur Zahlung von 90 £ und einem Opferzuschlag von 100 £ verurteilt.,Howie wurde auch zur Zahlung von 90 £ und einem Opferzuschlag von 100 £ verurteilt.,Howie wurde auch für die Kosten von £90 und für die Opfer surcharge von £100.
38,wmt_test,"In the evening, fans of brass band music will be in for a treat of their own.",Abends kommen die Blasmusikfreunde auf ihre Kosten.,Am Abend werden Fans der Blasmusik für einen eigenen Leckerbissen dabei sein.,Am Abend werden sich die Fans der Blasmusik für einen eigenen Leckerbissen entscheiden.,Am Abend werden die Fans der Blasmusik für einen eigenen Leckerbissen dabei sein.,Am Abend werden die Fans der Blasmusik für einen eigenen Leckerbissen dabei sein.,Am Abend werden die Fans der Blasmusik für einen eigenen Leckerbissen sorgen.,In der Abend werden Fans der Brass Band Musik für einen besonderen Geschenk.
39,wmt_test,"Meanwhile, U.S. lawmakers will head to Europe to help address concerns abroad about alleged U.S. spying and convince the Europeans of the need to continue joint anti-terrorism efforts with the U.S., the chairman of a Senate subcommittee on European affairs said on Thursday.","Unterdessen werden US-amerikanische Gesetzgeber nach Europa reisen, um die Bedenken gegen die angebliche amerikanische Spionage zu zerstreuen und die Europäer von der Notwendigkeit zu überzeugen, bei den Anti-Terror-Bemühungen weiterhin mit den USA zusammenzuarbeiten, wie der Vorsitzende des Senatsunterausschusses für europäische Angelegenheiten am Donnerstag erklärte.","Währenddessen werden die US-Gesetzgeber nach Europa gehen, um zu helfen, die Sorgen im Ausland über angebliche US-Spionage zu behandeln und die Europäer von der Notwendigkeit zu überzeugen, gemeinsame Anti-Terror-Bemühungen mit den USA fortzusetzen, sagte der Vorsitzende eines Senats-Unterausschusses für europäische Angelegenheiten am Donnerstag.","Unterdessen werden die US-Gesetzgeber nach Europa gehen, um bei der Lösung der Bedenken im Ausland über die angebliche Ausspionierung der USA zu helfen und die Europäer von der Notwendigkeit zu überzeugen, die gemeinsamen Bemühungen gegen den Terrorismus mit den USA fortzusetzen, sagte der Vorsitzende eines Unterausschusses des Senats für europäische Angelegenheiten am Donnerstag.","In der Zwischenzeit werden US-Gesetzgeber nach Europa gehen, um Probleme im Ausland über angebliche US-Spionage zu adressieren und die Europäer von der Notwendigkeit zu überzeugen, gemeinsame Anti-Terror-Bemühungen mit den USA fortzusetzen, sagte der Vorsitzende eines Senats-Unterausschusses für europäische Angelegenheiten am Donnerstag.","Inzwischen werden US-Gesetzgeber nach Europa gehen, um bei der Auseinandersetzung mit den Sorgen im Ausland über angebliche US-Spionage zu helfen und die Europäer von der Notwendigkeit zu überzeugen, gemeinsame Antiterrorbemühungen mit den USA fortzusetzen, sagte der Vorsitzende eines Senats-Unterausschusses für europäische Angelegenheiten am Donnerstag.","Inzwischen werden US-Gesetzgeber nach Europa gehen, um bei der Auseinandersetzung mit den Sorgen im Ausland über angebliche US-Spionage zu helfen und die Europäer von der Notwendigkeit zu überzeugen, gemeinsame Antiterrorbemühungen mit den USA fortzusetzen, sagte der Vorsitzende eines Senats-Unterausschusses für europäische Angelegenheiten am Donnerstag.","Gleichzeitig werden die U.S. Parlamenten in Europa zu helfen, um den ernsthafte Besorgnis zu wenden, um den ernsthafte U.S.-Spykniet zu wenden und den europäischen Bürgerinnen und Bürger"
40,wmt_test,"Mr Ditta is accused of abusing his position as a criminal solicitor, having become too involved with specific clients.","Ditta wird des Missbrauchs seiner Position als Strafverteidiger angeklagt, da er sich zu sehr mit bestimmten Mandanten eingelassen hat.","Herr Ditta wird beschuldigt, seine Position als krimineller Anwalt missbraucht zu haben, weil er sich zu sehr mit bestimmten Mandanten beschäftigt hat.","Herr Ditta wird vorgeworfen, seine Position als krimineller Anwalt missbraucht zu haben und sich zu sehr mit bestimmten Mandanten zu tun zu haben.","Herr Ditta wird beschuldigt, seine Position als krimineller Anwalt missbraucht zu haben, weil er sich zu sehr mit bestimmten Mandanten befasst hat.","Herr Ditta wird beschuldigt, seine Position als krimineller Anwalt missbraucht zu haben, weil er sich zu sehr mit bestimmten Mandanten befasst hat.","Herr Ditta wird beschuldigt, seine Position als krimineller Anwalt missbraucht zu haben, weil er sich zu sehr mit bestimmten Mandanten befasst hat.","Herr Ditta ist es verurteilt, dass seine Position als Strafgerichtshof angewandt wurde, daß es sich mit bestimmten Clienten zu ergreifen."
41,wmt_test,Police say they have a video that appears to show Mayor Rob Ford smoking a crack pipe.,"Die Polizei gibt an, sie sei im Besitz eines Videos, auf dem angeblich zu sehen sei, wie Bürgermeister Rob Ford eine Crack-Pfeife rauche.","Die Polizei sagt, sie haben ein Video, das Bürgermeister Rob Ford zeigt, wie er eine Crackpfeife raucht.","Die Polizei sagt, sie haben ein Video, das Bürgermeister Rob Ford offenbar beim Rauchen einer Crackpfeife zeigt.","Die Polizei sagt, sie haben ein Video, das Bürgermeister Rob Ford zeigt, wie er eine Crackpfeife raucht.","Die Polizei sagt, sie haben ein Video, das Bürgermeister Rob Ford zeigt, wie er eine Crackpfeife raucht.","Die Polizei sagt, sie haben ein Video, das Bürgermeister Rob Ford zeigt, wie er eine Crackpfeife raucht.","Die Polizei hat sie eine Video, die die Bürgermeister von Rob Ford stärkt, zu zeigen."
42,wmt_test,"Renamo wanted to ""warn the international community that things were not going well in Mozambique,"" Mr Mazanga said.","Renamo wollte „die internationale Gemeinschaft warnen, dass die Dinge in Mosambik nicht gut stehen“, sagte Mazanga.","Renamo wollte ""die internationale Gemeinschaft warnen, dass die Dinge in Mosambik nicht gut laufen"", sagte Herr Mazanga.","Renamo wollte ""die internationale Gemeinschaft warnen, dass es in Mosambik nicht gut geht"", sagte Mazanga.","Renamo wollte ""die internationale Gemeinschaft warnen, dass die Dinge in Mosambik nicht gut laufen"", sagte Herr Mazanga.","Renamo wollte ""die internationale Gemeinschaft warnen, dass es in Mosambik nicht gut läuft"", sagte Herr Mazanga.","Renamo wollte ""die internationale Gemeinschaft warnen, dass es in Mosambik nicht gut läuft"", sagte Herr Mazanga.","Renamo wollten ""zuhalten die internationale Gemeinschaft, daß die Dinge nicht gut in Mozambique geschehen würden,"" sagte Herr Mazanga."
43,wmt_test,Report: Obama campaign considered dumping Biden for Hillary Clinton,"Bericht: Obama-Kampagne überlegte, Biden durch Hillary Clinton zu ersetzen",Bericht: Obama-Kampagne als Dumping Biden für Hillary Clinton,Bericht: Obama-Kampagne betrachtete Biden als Dumping für Hillary Clinton,Bericht: Obama-Kampagne als Dumping Biden für Hillary Clinton,Bericht: Obama-Kampagne als Dumping Biden für Hillary Clinton,Bericht: Obama-Kampagne als Dumping Biden für Hillary Clinton,Report: Obama-Kampagne bewertet Biden für Hillary Clinton
44,wmt_test,She was right in the middle of the cliff face - 50ft from the top and bottom.,Sie befand sich in der Mitte der Felswand – 15 Meter von oben und dem Boden entfernt.,Sie war genau in der Mitte der Klippe - 50ft von oben und unten.,Sie befand sich mitten in der Klippe - 50ft von oben und unten.,Sie war mitten in der Felswand - 50ft von oben und unten.,Sie war mitten in der Felswand - 50ft von oben und unten.,Sie war mitten in der Felswand - 50ft von oben und unten.,Er hat es richtig in der Mitte der Erde - 50ft von der Top und bottom.
45,wmt_test,"The Administrative Department had Deutsche Bahn's reconstruction plans investigated by the Breinlinger Engineering Office, as they had doubts as to whether the planned connection of the Geroltzhäuser Weg will be straightforward.","Die Verwaltung hatte die Umbaupläne der Bahn vom Ingenieurbüro Breinlinger untersuchen lassen, da sie Zweifel daran hatte, ob der geplante Anschluss des Geroltzhäuser Wegs dann noch ohne weiteres möglich sei.","Die Sanierungspläne der Deutschen Bahn wurden vom Breinlinger Ingenieurbüro geprüft, da sie Zweifel daran hatten, ob die geplante Verbindung des Geroltzhäuser Wegs einfach sein wird.","Die Abteilung Verwaltung hat die Sanierungspläne der Deutschen Bahn vom Brännlinger Ingenieurbüro untersucht, da sie Zweifel daran hatten, ob die geplante Verbindung des Geroltzhäuser Wegs einfach sein wird.","Die Sanierungspläne der Deutschen Bahn wurden vom Breinlinger Ingenieurbüro geprüft, da sie Zweifel daran hatten, ob die geplante Verbindung des Geroltzhäuser Wegs einfach sein wird.","Die Sanierungspläne der Deutschen Bahn wurden von der Breinlinger Ingenieurs- und Ingenieurs-Abteilung untersucht, da sie Zweifel daran hatten, ob die geplante Anbindung des Geroltzhäuser Wegs einfach sein wird.","Die Sanierungspläne der Deutschen Bahn wurden von der Breinlinger Ingenieurs- und Ingenieurs-Abteilung untersucht, da sie Zweifel daran hatten, ob die geplante Anbindung des Geroltzhäuser Wegs einfach sein wird.","Die Verwaltungsabteilung hat die Reconstructionpläne von Deutsche Bahn durch die Breinlinger Engineering Büro untersucht, wie sie daß die geplante Verbindung der Geroltzhäuser Weg zu überprüfen."
46,wmt_test,The Front is now the most popular party in France with 24 per cent of the vote - a timely warning to British Labour that they can't assume a split on the right will automatically favour the left.,"Der Front National ist nun die beliebteste Partei in Frankreich mit 24 Prozent der Wählerstimmen – eine zeitgerechte Warnung für die britische Labour-Partei, dass sie nicht davon ausgehen kann, eine Spaltung im rechten Spektrum würde automatisch Vorteile für die Linke bedeuten.","Die Front ist jetzt mit 24 Prozent der Stimmen die beliebteste Partei in Frankreich - eine rechtzeitige Warnung an British Labour, dass sie nicht davon ausgehen können, dass eine Spaltung auf der rechten Seite automatisch die Linke begünstigt.","Die Front ist mit 24 Prozent der Stimmen jetzt die beliebteste Partei in Frankreich - eine rechtzeitige Warnung an British Labour, dass sie nicht davon ausgehen können, dass eine Rechtsspaltung automatisch die Linke begünstigt.","Die Front ist jetzt mit 24 Prozent der Stimmen die beliebteste Partei Frankreichs - eine rechtzeitige Warnung an British Labour, dass sie nicht davon ausgehen können, dass eine Spaltung rechts automatisch die Linke begünstigt.","Die Front ist mit 24 Prozent der Stimmen die beliebteste Partei Frankreichs - eine rechtzeitige Warnung an British Labour, dass sie nicht davon ausgehen können, dass eine Spaltung rechts automatisch die Linke begünstigt.","Die Front ist mit 24 Prozent der Stimmen die beliebteste Partei Frankreichs - eine rechtzeitige Warnung an British Labour, dass sie nicht davon ausgehen können, dass eine Spaltung rechts automatisch die Linke begünstigt.","Die Front ist jetzt die wichtigsten Partei in Frankreich mit 24 % der Stimme - eine rechtzeitige Präsidium zu britischen Labour, dass sie nicht eine Split auf der recht zu ergreifen wird."
47,wmt_test,The Observatory said there were casualties on both sides Thursday but had no specifics.,"Die Beobachtungsstelle sagte, es habe am Donnerstag Verluste auf beiden Seiten gegeben, nannte aber keine Details.","Die Observatorium sagte, es gab Opfer auf beiden Seiten Donnerstag, aber hatte keine Besonderheiten.","Die Beobachtungsstelle sagte, dass es auf beiden Seiten am Donnerstag zu Verlusten gekommen sei, aber keine Besonderheiten habe.","Die Observatorium sagte, es gab Opfer auf beiden Seiten Donnerstag, aber hatte keine Besonderheiten.","Die Beobachtungsstelle sagte, es gab auf beiden Seiten am Donnerstag Opfer, aber hatte keine Besonderheiten.","Die Beobachtungsstelle sagte, es gab auf beiden Seiten am Donnerstag Opfer, aber hatte keine Besonderheiten.","Die Observateur hat gesagt, daß die Opfer auf beiden Seiten ergriffen, aber keine speziellen."
48,wmt_test,This became clear upon presentation of the annual accounts for 2012.,Dies wurde bei der Vorstellung der Jahresrechnung für 2012 deutlich.,Dies wurde durch die Vorlage des Jahresabschlusses für 2012 deutlich.,Dies wurde bei der Vorlage des Jahresabschlusses für das Jahr 2012 deutlich.,Dies wurde bei Vorlage des Jahresabschlusses 2012 deutlich.,Dies wurde bei der Vorlage des Jahresabschlusses 2012 deutlich.,Dies wurde bei der Vorlage des Jahresabschlusses 2012 deutlich.,Dies hat deutlich über die Vorlage des jährlichen Rechnungswesens für 2012.
49,wmt_test,Uwe Link has an offer for anyone who wants to set off in a carriage.,"Wer dann mit der Kutsche vorfahren will, für den hat Uwe Link ein Angebot.","Uwe Link hat ein Angebot für jeden, der in einer Kutsche aufbrechen will.","Uwe Link hat ein Angebot für alle, die in einer Kutsche aufbrechen wollen.","Uwe Link hat ein Angebot für alle, die in einer Kutsche aufbrechen wollen.","Uwe Link hat ein Angebot für alle, die in einer Kutsche aufbrechen wollen.","Uwe Link hat ein Angebot für alle, die in einer Kutsche aufbrechen wollen.","Uwe Link gibt es eine Angebot für Anyone, die es in einem Carriage zu machen."
